portfolio,ann_return,ann_volatility,sharpe,max_drawdown,calmar,turnover,turnover_pvalue_vs_robust,target_turnover,target_turnover_pvalue_vs_robust,sharpe_pvalue_vs_robust,variance_pvalue_vs_robust,min_weight,max_weight,weight_sd,mad_ew,max_minus_min,effective_n
EW,0.09889036308522825,0.2453606655797693,0.5086098275933317,-0.4699830286075084,0.21041262570315797,0.06452334264210254,8.002123922712477e-31,0.0,4.4119606410802166e-35,0.11247325953408475,5.143028635992413e-10,0.018518518518518524,0.018518518518518524,3.5020246333591885e-18,0.0,0.0,54.00000000000004
GMV,0.05603952337558438,0.16589748889498937,0.4121622184409299,-0.30193807125394245,0.18559939507745218,0.9883675853443659,3.746732072382911e-23,0.9555507265101346,2.594846950822942e-22,0.3088970777242469,0.05770056793871179,-0.16743799841988885,0.32708731554926723,0.0812391853590188,0.05544728350511632,0.4945253139691561,2.9742786362872327
GMV Long Only,0.09866387016973022,0.22144651803016496,0.537265386598376,-0.4527668124494303,0.21791321151823606,0.07597994714031629,4.076530464230902e-29,0.04163411395934598,9.338860336837708e-31,0.10074329254783311,9.188428919908485e-05,0.0029598132516748467,0.03302608902457156,0.007090746283200973,0.005732885709230242,0.0300662757728967,46.823166807250644
GMV Linear Shrinkage,0.09471195385297304,0.1575106346781939,0.6535666872312954,-0.28388631846416257,0.33362634157703996,0.5276112304688544,9.201780386095956e-06,0.5031301057399653,3.991395774033814e-05,0.7497884891326521,0.011533558715252096,-0.0846329347472777,0.20475354838701065,0.050325733869155086,0.036459758919429874,0.2893864831342883,7.528405402118841
GMV Nonlinear Shrinkage,0.07873190554076515,0.16044416582935087,0.5530678779652235,-0.29905157672212257,0.2632719961009351,0.7327968660855178,3.627222583944122e-14,0.7047155120570822,2.641801904499864e-13,0.48871643004848664,0.010809116399948016,-0.12241754120331322,0.2501576695903634,0.06273368762657898,0.04410687943229886,0.37257521079367667,4.859794565307424
GMV Robust,0.13458496260107777,0.1993834064628329,0.734392074138605,-0.4021281433379372,0.3346817795042421,0.3807829309046641,,0.3685837409426031,,,,-0.026590963221899057,0.057934567170148485,0.018839111391178366,0.01497552641435662,0.08452553039204752,27.516650297321693
Index,0.08524679971980742,0.23413806591237832,0.4678733418098853,-0.46815808848135965,0.18208977227401174,0.0,,0.0,,0.06332279486588063,5.325266742273604e-06,,,,,,
