portfolio,ann_return,ann_volatility,sharpe,max_drawdown,calmar,turnover,turnover_pvalue_vs_robust,target_turnover,target_turnover_pvalue_vs_robust,sharpe_pvalue_vs_robust,variance_pvalue_vs_robust,min_weight,max_weight,weight_sd,mad_ew,max_minus_min,effective_n
EW,0.10326553241874614,0.24531506305430512,0.5248614617379181,-0.4696531135026921,0.21987617977998183,0.06452334264210254,1.4290846246408756e-30,0.0,3.419954360957124e-35,0.04174525861639552,1.1474322592606488e-11,0.018518518518518524,0.018518518518518524,3.5020246333591885e-18,0.0,0.0,54.00000000000004
GMV,0.12222385444518036,0.16536191751785784,0.7806554726048615,-0.2805348749222045,0.43568149763580877,0.9883675853443659,1.335276463410868e-23,0.9555507265101346,6.971666781797872e-23,0.8800675148803143,0.06666058643999742,-0.16743799841988885,0.32708731554926723,0.0812391853590188,0.05544728350511632,0.4945253139691561,2.9742786362872327
GMV Long Only,0.1038181815036574,0.22138043436628627,0.5585086554027386,-0.45242319420622223,0.2294713949973469,0.07597994714031629,1.8481517625183284e-28,0.04163411395934598,2.0761501779473218e-30,0.027335562112102085,7.229065474230829e-06,0.0029598132516748467,0.03302608902457156,0.007090746283200973,0.005732885709230242,0.0300662757728967,46.823166807250644
GMV Linear Shrinkage,0.13077116029721703,0.15745237090458578,0.8596511255439998,-0.2674903460530694,0.48888179415369387,0.5276112304688544,2.3739872910910148e-06,0.5031301057399653,1.0333661884148949e-05,0.9003346653069002,0.016433121220391027,-0.0846329347472777,0.20475354838701065,0.050325733869155086,0.036459758919429874,0.2893864831342883,7.528405402118841
GMV Nonlinear Shrinkage,0.12843783736878334,0.16014555872936762,0.8351850655074062,-0.2804084946652948,0.4580383255581866,0.7327968660855178,1.020768631345418e-14,0.7047155120570822,6.235278487800521e-14,0.978660434596907,0.015019118326326726,-0.12241754120331322,0.2501576695903634,0.06273368762657898,0.04410687943229886,0.37257521079367667,4.859794565307424
GMV Robust,0.15566052334947078,0.19891236857219272,0.8282970881698438,-0.4047981772972892,0.38453859745309976,0.36993267226911614,,0.35846558670450873,,,,-0.027749647838434054,0.05814714800895644,0.01911755688758605,0.015201327416510972,0.08589679584739052,27.038689823301457
Index,0.08524679971980742,0.23413806591237832,0.4678733418098853,-0.46815808848135965,0.18208977227401174,0.0,,0.0,,0.01636579405985214,5.769178316374069e-07,,,,,,
