portfolio,ann_return,ann_volatility,sharpe,max_drawdown,calmar,turnover,turnover_pvalue_vs_robust,target_turnover,target_turnover_pvalue_vs_robust,sharpe_pvalue_vs_robust,variance_pvalue_vs_robust,min_weight,max_weight,weight_sd,mad_ew,max_minus_min,effective_n
EW,0.10381626521909704,0.19896686722660512,0.5959789874340238,-0.22344168671319187,0.46462352995193257,0.06350056554715583,1.070341453958074e-25,0.0,5.9381255466595364e-30,0.07351433758574508,3.522558356501904e-52,0.01851851851851852,0.01851851851851852,3.502024633359189e-18,0.0,0.0,54.00000000000005
GMV,0.13045323003580878,0.15016973146388082,0.8924530445341015,-0.29215547068046954,0.4465198948079445,0.49507549234355724,1.9191534066982383e-09,0.45059129072923465,2.0115804817667546e-08,0.9824179522380503,0.7004402639426863,-0.141643611110094,0.34581324718840833,0.07481356475373627,0.04994370030312034,0.48745685829850244,3.345283883288164
GMV Long Only,0.11549946865578309,0.17473607334957805,0.7129778976827675,-0.183596150597221,0.6290952630546675,0.06426727883389739,2.063736765568748e-26,0.019262240554360353,1.7294226116246218e-29,0.16087657200754657,2.608383025530385e-19,0.00168458293241156,0.03297370223586202,0.007450231377399756,0.006022028390531028,0.03128911930345044,46.29675778393221
GMV Linear Shrinkage,0.14488963439032854,0.1443336889402377,1.0099766132603532,-0.2543832696941454,0.5695721835973522,0.33513773046827516,0.11160876679425705,0.2916856321439595,0.8964045416964531,0.7568045098737959,0.2835990613995816,-0.0767348419298345,0.2600857930540409,0.05538233151868297,0.038994616126549614,0.3368206349838754,5.849447300982495
GMV Nonlinear Shrinkage,0.13683384188649828,0.14535530149642373,0.9555244398256877,-0.27333952633201064,0.5006002744011989,0.42548950834803817,6.9081917022024e-06,0.38265412821086114,0.00015790842613028252,0.882220091137723,0.35127270355589957,-0.12038203861698725,0.2973201921087285,0.06548283662823148,0.0449951472704216,0.4177022307257158,4.296847165765046
GMV Robust,0.13591148337024683,0.15473591716870105,0.9011045324513449,-0.17244218612962903,0.7881568102371356,0.30058118032559644,,0.2891376952600399,,,,-0.021001588451291256,0.05335924449582587,0.017215859618432777,0.013732104646778485,0.07436083294711711,29.910644941827503
Index,0.1199558128753897,0.18405872423093045,0.7076873266631772,-0.2649951061356819,0.45267180448974154,0.0,,0.0,,0.23235053130202532,1.015511619515425e-36,,,,,,
